[
    {
        "question": "What is the primary goal of a startup?",
        "choices": [
            {"answer": "Growth", "isCorrect": true},
            {"answer": "Stability", "isCorrect": false},
            {"answer": "Charity", "isCorrect": false}
        ]
    },
    {
        "question": "Which term describes a business model where a company gives another party the rights to operate using its brand?",
        "choices": [
            {"answer": "Franchise", "isCorrect": true},
            {"answer": "Merger", "isCorrect": false},
            {"answer": "Partnership", "isCorrect": false}
        ]
    },
    {
        "question": "What is a Minimum Viable Product (MVP)?",
        "choices": [
            {"answer": "Basic product", "isCorrect": true},
            {"answer": "Final product", "isCorrect": false},
            {"answer": "Full product", "isCorrect": false}
        ]
    },
    {
        "question": "Which of the following is NOT typically a source of startup funding?",
        "choices": [
            {"answer": "Lottery", "isCorrect": true},
            {"answer": "Venture capital", "isCorrect": false},
            {"answer": "Angel investors", "isCorrect": false}
        ]
    },
    {
        "question": "What does 'bootstrapping' mean?",
        "choices": [
            {"answer": "Self-funding", "isCorrect": true},
            {"answer": "Hiring", "isCorrect": false},
            {"answer": "Merging", "isCorrect": false}
        ]
    },
    {
        "question": "Which document outlines a business's goals and strategies?",
        "choices": [
            {"answer": "Business plan", "isCorrect": true},
            {"answer": "Marketing plan", "isCorrect": false},
            {"answer": "Handbook", "isCorrect": false}
        ]
    },
    {
        "question": "What does 'scalability' refer to?",
        "choices": [
            {"answer": "Cost-efficient growth", "isCorrect": true},
            {"answer": "Rapid hiring", "isCorrect": false},
            {"answer": "Model change", "isCorrect": false}
        ]
    },
    {
        "question": "Which of the following is a key characteristic of an entrepreneur?",
        "choices": [
            {"answer": "Risk-taking", "isCorrect": true},
            {"answer": "Conservatism", "isCorrect": false},
            {"answer": "Inflexibility", "isCorrect": false}
        ]
    },
    {
        "question": "What is 'market research'?",
        "choices": [
            {"answer": "Consumer study", "isCorrect": true},
            {"answer": "Hiring process", "isCorrect": false},
            {"answer": "Logo design", "isCorrect": false}
        ]
    },
    {
        "question": "Which term refers to the financial resources a company uses?",
        "choices": [
            {"answer": "Capital", "isCorrect": true},
            {"answer": "Revenue", "isCorrect": false},
            {"answer": "Assets", "isCorrect": false}
        ]
    },
    {
        "question": "Which of the following is a common reason for startup failure?",
        "choices": [
            {"answer": "Poor market fit", "isCorrect": true},
            {"answer": "Too many customers", "isCorrect": false},
            {"answer": "High profits", "isCorrect": false}
        ]
    },
    {
        "question": "What is the purpose of a SWOT analysis?",
        "choices": [
            {"answer": "Identify strengths", "isCorrect": true},
            {"answer": "Calculate profit", "isCorrect": false},
            {"answer": "Design marketing", "isCorrect": false}
        ]
    },
    {
        "question": "Which of the following is an example of a disruptive innovation?",
        "choices": [
            {"answer": "New technology", "isCorrect": true},
            {"answer": "Small improvement", "isCorrect": false},
            {"answer": "New hire", "isCorrect": false}
        ]
    },
    {
        "question": "What does 'B2B' stand for?",
        "choices": [
            {"answer": "Business to Business", "isCorrect": true},
            {"answer": "Back to Back", "isCorrect": false},
            {"answer": "Business to Buyer", "isCorrect": false}
        ]
    },
    {
        "question": "What is an 'elevator pitch'?",
        "choices": [
            {"answer": "Brief speech", "isCorrect": true},
            {"answer": "Detailed plan", "isCorrect": false},
            {"answer": "Financial summary", "isCorrect": false}
        ]
    },
    {
        "question": "Which of the following is a key component of a business model?",
        "choices": [
            {"answer": "Revenue streams", "isCorrect": true},
            {"answer": "Office location", "isCorrect": false},
            {"answer": "Employee benefits", "isCorrect": false}
        ]
    },
    {
        "question": "Which of the following is an example of a fixed cost?",
        "choices": [
            {"answer": "Rent", "isCorrect": true},
            {"answer": "Utilities", "isCorrect": false},
            {"answer": "Raw materials", "isCorrect": false}
        ]
    },
    {
        "question": "What is the primary purpose of a value proposition?",
        "choices": [
            {"answer": "Solve a problem", "isCorrect": true},
            {"answer": "Set price", "isCorrect": false},
            {"answer": "Market design", "isCorrect": false}
        ]
    },
    {
        "question": "Which of the following is a key trait of a successful entrepreneur?",
        "choices": [
            {"answer": "Persistence", "isCorrect": true},
            {"answer": "Procrastination", "isCorrect": false},
            {"answer": "Indecision", "isCorrect": false}
        ]
    },
    {
        "question": "What does 'ROI' stand for?",
        "choices": [
            {"answer": "Return on Investment", "isCorrect": true},
            {"answer": "Revenue of Industry", "isCorrect": false},
            {"answer": "Rate of Interest", "isCorrect": false}
        ]
    },
    {
        "question": "Which of the following is a major advantage of entrepreneurship?",
        "choices": [
            {"answer": "Control", "isCorrect": true},
            {"answer": "Guaranteed success", "isCorrect": false},
            {"answer": "Minimal hours", "isCorrect": false}
        ]
    },
    {
        "question": "What is a 'pivot' in a startup?",
        "choices": [
            {"answer": "Change strategy", "isCorrect": true},
            {"answer": "Adjust marketing", "isCorrect": false},
            {"answer": "Hire staff", "isCorrect": false}
        ]
    },
    {
        "question": "Which of the following is a primary function of an incubator?",
        "choices": [
            {"answer": "Startup support", "isCorrect": true},
            {"answer": "Mergers", "isCorrect": false},
            {"answer": "Long-term investment", "isCorrect": false}
        ]
    },
    {
        "question": "Which term describes a market with one seller?",
        "choices": [
            {"answer": "Monopoly", "isCorrect": true},
            {"answer": "Oligopoly", "isCorrect": false},
            {"answer": "Competition", "isCorrect": false}
        ]
    },
    {
        "question": "What is the purpose of a business accelerator?",
        "choices": [
            {"answer": "Startup growth", "isCorrect": true},
            {"answer": "Tax reduction", "isCorrect": false},
            {"answer": "Office space", "isCorrect": false}
        ]
    },
    {
        "question": "Which is a key component of customer acquisition cost (CAC)?",
        "choices": [
            {"answer": "Marketing", "isCorrect": true},
            {"answer": "Revenue", "isCorrect": false},
            {"answer": "Inventory", "isCorrect": false}
        ]
    },
    {
        "question": "Which of the following best defines 'equity'?",
        "choices": [
            {"answer": "Ownership", "isCorrect": true},
            {"answer": "Revenue", "isCorrect": false},
            {"answer": "Costs", "isCorrect": false}
        ]
    },
    {
        "question": "What does the term 'angel investor' refer to?",
        "choices": [
            {"answer": "Individual investor", "isCorrect": true},
            {"answer": "Government grant", "isCorrect": false},
            {"answer": "Non-profit funding", "isCorrect": false}
        ]
    },
    {
        "question": "Which of the following is an advantage of a sole proprietorship?",
        "choices": [
            {"answer": "Complete control", "isCorrect": true},
            {"answer": "Limited liability", "isCorrect": false},
            {"answer": "Unlimited growth", "isCorrect": false}
        ]
    },
    {
        "question": "What is the benefit of a competitive analysis?",
        "choices": [
            {"answer": "Understand competition", "isCorrect": true},
            {"answer": "Set salaries", "isCorrect": false},
            {"answer": "Choose location", "isCorrect": false}
        ]
    },
    {
        "question": "What is the goal of a pitch deck?",
        "choices": [
            {"answer": "Present to investors", "isCorrect": true},
            {"answer": "Train staff", "isCorrect": false},
            {"answer": "Manage finances", "isCorrect": false}
        ]
    },
    {
        "question": "What describes a 'lean startup'?",
        "choices": [
            {"answer": "Minimize waste", "isCorrect": true},
            {"answer": "Large investment", "isCorrect": false},
            {"answer": "Focus on marketing", "isCorrect": false}
        ]
    },
    {
        "question": "What does 'burn rate' refer to?",
        "choices": [
            {"answer": "Spending rate", "isCorrect": true},
            {"answer": "Development speed", "isCorrect": false},
            {"answer": "Hiring rate", "isCorrect": false}
        ]
    },
    {
        "question": "What is essential for a strong brand?",
        "choices": [
            {"answer": "Consistency", "isCorrect": true},
            {"answer": "Rebranding", "isCorrect": false},
            {"answer": "Hiring", "isCorrect": false}
        ]
    },
    {
        "question": "What is a benefit of a partnership?",
        "choices": [
            {"answer": "Shared resources", "isCorrect": true},
            {"answer": "Full control", "isCorrect": false},
            {"answer": "Unlimited liability", "isCorrect": false}
        ]
    },
    {
        "question": "What is 'crowdfunding'?",
        "choices": [
            {"answer": "Raising small amounts", "isCorrect": true},
            {"answer": "Bank loan", "isCorrect": false},
            {"answer": "Government grant", "isCorrect": false}
        ]
    },
    {
        "question": "What best describes 'profit margin'?",
        "choices": [
            {"answer": "Percentage of revenue after expenses", "isCorrect": true},
            {"answer": "Total revenue", "isCorrect": false},
            {"answer": "Cost of goods", "isCorrect": false}
        ]
    },
    {
        "question": "What is a common customer retention strategy?",
        "choices": [
            {"answer": "Loyalty programs", "isCorrect": true},
            {"answer": "Raise prices", "isCorrect": false},
            {"answer": "Reduce service", "isCorrect": false}
        ]
    },
    {
        "question": "What term describes selling a company's shares to the public for the first time?",
        "choices": [
            {"answer": "IPO", "isCorrect": true},
            {"answer": "Merger", "isCorrect": false},
            {"answer": "Acquisition", "isCorrect": false}
        ]
    },
    {
        "question": "What best defines 'cash flow'?",
        "choices": [
            {"answer": "Money in/out", "isCorrect": true},
            {"answer": "Total profit", "isCorrect": false},
            {"answer": "Cash on hand", "isCorrect": false}
        ]
    },
    {
        "question": "What is the 'break-even point'?",
        "choices": [
            {"answer": "Revenue equals costs", "isCorrect": true},
            {"answer": "Profitability", "isCorrect": false},
            {"answer": "Business start", "isCorrect": false}
        ]
    },
    {
        "question": "What is the focus of 'design thinking'?",
        "choices": [
            {"answer": "User-centered solutions", "isCorrect": true},
            {"answer": "Profit maximization", "isCorrect": false},
            {"answer": "Cost reduction", "isCorrect": false}
        ]
    }
]
